Model,Train_R2,Test_R2,Test_RMSE,Test_MAPE,Bias_pct
Random Forest,0.99627284623027,0.9423684638625774,21365.035557530533,16.3220124355643,-6178.593331092437
Linear,0.46944943156370433,0.4777077882366738,64317.669106974514,174.95310763499631,-9530.103478301684
Ridge,0.46943419392599994,0.477581036310198,64325.473065877915,174.88655640680608,-9530.109395695043
Lasso,0.46939158948047965,0.4775181491006576,64329.344601994744,174.86550150931322,-9530.473422001009
